Nom français,Nom anglais,Categorie,Nom espagnol,Définition française,Définition anglaise,Illustration,Illustration 2,Illustration 3,Source
Liseré,?,Design mécanique,,Fins rebords ajoutés de part et d'autres de deux coques pour les fermer.,,http://simonbaudry.free.fr/dico-meca/2017-09-13_174854-liseres.png,,,
Macaron,?,Élements de fixation,,"Cylindre de diamètre relativement grand par rapport à sa hauteur, assurant en général un centrage. ",,http://simonbaudry.free.fr/dico-meca/2017-08-29_145631macaron.png,,,
Tige d'ancrage,Anchor bolt,Composant mécanique,,"Système de fixation d'une structure, en particulier les constructions métalliques, sur une fondation en béton. Le principe consiste à noyer dans la fondation en béton la tête d'un boulon en laissant à l'air libre une tige filetée sur laquelle viendra se fixer la base de la structure métallique à l'aide d'une rondelle et d'un écrou.",Fastener used to attach objects or structures to concrete.,http://simonbaudry.free.fr/dico-meca/stud-anchor-dimensions.gif,http://simonbaudry.free.fr/dico-meca/416px-Expansion_bolt_cutaway.jpg,,
Liaison linéaire annulaire,"Annular linear joint, point curve joint",Cinématique,,,,http://simonbaudry.free.fr/dico-meca/2017-09-12_180157annulaire.png,,,http://dictionnaire.sensagent.leparisien.fr/Liaison_(m%C3%A9canique)/fr-fr/#Mod.C3.A9lisation_anglo-saxonne
Lumière,"Aperture, opening",Design mécanique,,Petite ouverture sur une pièce.,,http://simonbaudry.free.fr/dico-meca/2017-08-29_152555lumiere.png,,,
Axe,Axis,"Eléments tournants, Composant mécanique",,"Tige métallique sur laquelle on place une ou plusieurs roues d'engrenages, ou gallet, ou bien élément tournant en sortie de moteur.","Thin metal mechanical shaft used for the assembly of gears, rollers or wheels, around which they turn freely. Or as a motor's output.",http://simonbaudry.free.fr/dico-meca/2017-08-29_142528axe.png,http://simonbaudry.free.fr/dico-meca/2017-08-28_142511axe.png,,
Jeu,"Backlash, lash, play",Géométrie,,"Espace laissé entre deux pièces assemblées imparfaitement. Comme il est impossible de réaliser des pièces avec une géométrie parfaite, le jeu est une nécessité dans l'assemblage des éléments d'un mécanisme. La considération industrielle du problème a produit la notion de tolérancement, qui définit les classes de qualité d'assemblage et fixe les règles de l'emploi du jeu mécanique.","clearance or lost motion in a mechanism caused by gaps between the parts. It can be defined as ""the maximum distance or angle through which any part of a mechanical system may be moved in one direction without applying appreciable force or motion to the next part in mechanical sequence"", and is a mechanical form of deadband.",http://simonbaudry.free.fr/dico-meca/300px-Jeu_definition.jpg,,,
Embase,"Base, collar",Fonction mécanique,,Elément d’une pièce destiné à servir de base à une autre pièce.  Voir collet.,,http://simonbaudry.free.fr/dico-meca/2017-08-28_155756gorge-saignee-collet-embase-epaulement-chanfreins.png,,,
Coussinet,Bearing shell,"Eléments tournants, Composant mécanique",,"Buselure, en une ou deux pièces, éventuellement munie d’oreilles ou joues, dans laquelle tourne le tourillon d’un arbre.",,http://simonbaudry.free.fr/dico-meca/2017-08-28_155641oreille-joue-coussinet-bagueflottante.png,,,
Roulement à bille,"Bearing, ball bearing",Transmission de puissance,,,,http://simonbaudry.free.fr/dico-meca/2017-08-29_154341roulements.png,http://simonbaudry.free.fr/dico-meca/2017-08-29_154407roulement.png,,
Courroie,Belt,Transmission de puissance,,Pièce utilisée pour la transmission du mouvement. Elle est construite dans un matériau souple. Elle est entraînée par et entraîne elle-même des poulies.,"Loop of flexible material used to link two or more rotating shafts mechanically, most often parallel. Belts may be used as a source of motion, to transmit power efficiently, or to track relative movement. Belts are looped over pulleys and may have a twist between the pulleys, and the shafts need not be parallel.",http://simonbaudry.free.fr/dico-meca/2017-11-08_151941-poulie-courroie.jpg,http://simonbaudry.free.fr/dico-meca/2017-11-08_153800belt.jpg,,
Biseau,Bevel,Fonction mécanique,,Surface oblique d'un objet.,Edge of a structure that is not perpendicular to the faces of the piece. The words bevel and chamfer overlap in usage,http://simonbaudry.free.fr/dico-meca/biseau.jpg,http://simonbaudry.free.fr/dico-meca/2017-08-29_145558biseau.png,,
Engrenage conique,Bevel gear,Transmission de puissance,,,,http://simonbaudry.free.fr/dico-meca/2017-08-29_150233bevelgear.png,,,
Trou borgne,"Blind hole, non-through hole",Fonction mécanique,,,,http://simonbaudry.free.fr/dico-meca/2017-08-28_160422trousborgnes.png,,,
Boulon,Bolt,Élements de fixation,,Ensemble formé par une vis et un écrou. ,Form of threaded fastener with an external male thread.,http://simonbaudry.free.fr/dico-meca/2017-08-29_142730boulo.png,,,
Ecrou,"Bolt, nut",Élements de fixation,,,,http://simonbaudry.free.fr/dico-meca/2017-08-29_150043ecrou.png,,,
Alésage,Bore,"Design mécanique, Procédé de manufacturing",,Opération qui consiste à usiner avec soin la surface intérieure d’un cylindre ou de toute autre pièce creuse. Le résultat de cette opération est un diamètre intérieur.,"A hole drilled or milled by boring (manufacturing), especially a large hole.",http://simonbaudry.free.fr/dico-meca/bride-tournante-aluminium-as-13-alesage-type-metrique-pn-10-5713-dmod1.jpg,http://simonbaudry.free.fr/dico-meca/300px-Jeu_definition.jpg,,
Bossage,Boss,Fonction mécanique,,Saillie prévue à dessein sur une pièce afin de limiter la surface usinée.,,http://simonbaudry.free.fr/dico-meca/2017-08-28_142433bossage.png,http://simonbaudry.free.fr/dico-meca/2017-08-28_160037bossage-lamage.png,,
Vilebrequin,Brace,"Outil - instrument - machine, Travail du bois",,,,,,,
Buselure,Bushing,Composant mécanique,,"Pièce cylindrique creuse à loger dans un alésage, destinée à absorber les chocs et les vibrations dans certains organes mécaniques, ou à assurer l'étanchéité.","Internal and hollow shaft fitting into a bore, used to absorb shoks and vibrations, or waterproofing a mechanism.",http://simonbaudry.free.fr/dico-meca/2017-08-28_155327buselure.png,,,
Palier,"Bushing, plain bearing",Eléments tournants,,Elément positionné entre un arbre d'une pièce et un alésage d'une autre pièce pour garantir une rotation entre les deux en réduisant les frottements.,Plain bearing that is inserted into a housing to provide a bearing surface for rotary applications.,http://simonbaudry.free.fr/dico-meca/2017-08-28_160259contre-jour-chambrage-palier.png,http://simonbaudry.free.fr/dico-meca/2017-08-28_173743palierlisse.png,,
Came,Cam,Composant mécanique,,Pièce profilée animée d’un mouvement de rotation communiquant à une tige un mouvement rectiligne alternatif suivant une loi déterminée.,,http://simonbaudry.free.fr/dico-meca/2017-08-28_155347clavette-came-shaft-galet.png,,,
Arbre à cames,Camshaft,Composant mécanique,,,,,,,
,Castle joint,Travail du bois,,,,,,,
Entraxe,Center distance,Géométrie,,"Distance entre les centres de deux axes, deux cercles, deux roues d'engrenages ou poulies, etc.","Distance between centers of axis, wheel gears, pulleys, circles, etc.",http://simonbaudry.free.fr/dico-meca/2017-08-29_152928pignon-roue-entraxe.png,,,
Chanfrein,Chamfer,Design mécanique,,"Petite surface formée par une arête abattue. Cette surface plate souvent obtenue par limage de l'arête d'une pièce en pierre, en bois ou en métal. Généralement le chanfrein entre deux faces à angle droit est à 45°.",Transitional edge between two faces of an object. It can also be known as a bevel but connotes more often cutting and is more often 45° with respect to the two adjoining faces.,http://simonbaudry.free.fr/dico-meca/2017-08-28_142317chanfrein.png,http://simonbaudry.free.fr/dico-meca/2017-08-28_142511axe.png,,
Ciseau,Chisel,"Outil - instrument - machine, Travail du bois",,"Outil de menuisier, d'ébéniste, de luthier ou encore de charpentier. Il est composé d'une lame en acier trempé, appelée planche, dont une des extrémités est taillée en biseau et extrêmement affûtée pour permettre le travail du bois. L'autre extrémité, appelée soie, est fichée dans l'axe d'un manche, en bois ou en matière synthétique, pour une meilleure prise en main. Lorsque le manche est en bois, il est cerclé de bagues métalliques, appelées ""viroles"", à chaque extrémité pour éviter que le bois n'éclate. Traditionnellement, les manches de ciseaux à bois étaient façonnés dans du charme, pour la solidité.","Tool with a characteristically shaped cutting edge (such that wood chisels have lent part of their name to a particular grind) of blade on its end, for carving or cutting a hard material such as wood, stone, or metal by hand, struck with a mallet, or mechanical power. The handle and blade of some types of chisel are made of metal or of wood with a sharp edge in it.",http://simonbaudry.free.fr/dico-meca/chisel.jpg,,,
"Mandrin (mandrin à machoire, mandrin porte forêt)","Chuck, mandrel (jaw chuck, collet chuck)",Composant mécanique,,Pièce mécanique fixée au bout de l'arbre d'une machine rotative ; il permet la fixation rapide d'un outil (comme le mandrin de perçage) ou d'une pièce (comme le mandrin de tour).,"Specialized type of clamp used to hold an object with radial symmetry, especially a cylinder.",http://simonbaudry.free.fr/dico-meca/2019-02-23_mandrin.png,http://simonbaudry.free.fr/dico-meca/2019-02-23_chuck.png,,
"Circlip, anneau élastique","Circlip, lock-ring, snap-ring",Composant mécanique,,"Composants d'assemblage mécanique généralement montés dans des gorges réalisées sur des portées cylindriques extérieures (arbres, axes, …) ou dans des alésages. Ils permettent de réaliser des arrêts axiaux, des rattrapages de jeu destinés à réduire le bruit de fonctionnement des mécanismes, etc.","Type of fastener or retaining ring consisting of a semi-flexible metal ring with open ends which can be snapped into place, into a machined groove on a dowel pin or other part to permit rotation but to prevent lateral movement. There are two basic types: internal and external, referring to whether they are fitted into a bore or over a shaft. Circlips are often used to secure pinned connections.",http://simonbaudry.free.fr/dico-meca/circlips.gif,,,
Chape,"Clevis, fork",Fonction mécanique,,Sorte de fourche permettant la liaison de deux pièces par l’intermédiaire d’un axe d’articulation,"Three-piece fastener system consisting of a clevis, clevis pin, and tang. The clevis is a U-shaped piece that has holes at the end of the prongs to accept the clevis pin. The clevis pin is similar to a bolt, but is only partially threaded or unthreaded with a cross-hole for a split pin. The tang is a piece that fits in the space within the clevis and is held in place by the clevis pin.",http://simonbaudry.free.fr/dico-meca/clevis.png,http://simonbaudry.free.fr/dico-meca/2017-08-28_155347clavette-came-shaft-galet.png,,
Clip,Clip,Fonction mécanique,,,,http://simonbaudry.free.fr/dico-meca/clips.png,,,
Pince,Clip,Composant mécanique,,,,,,,
"Lyre, collier lyre, lyre d'accrochage","Clip, spring clip, finger grip clip",Composant mécanique,,,,http://simonbaudry.free.fr/dico-meca/collier-lyre-clip.jpg,,,
Embrayage,Clutch,Ensemble de pièces mécaniques,,"Dispositif d'accouplement entre un arbre dit moteur et un autre dit récepteur. Du fait de sa transmission par adhérence, il permet une mise en charge progressive de l'accouplement ce qui évite les à-coups qui pourraient provoquer la rupture d'éléments de transmission ou l'arrêt du moteur dans le cas d'une transmission avec un moteur thermique.",Mechanical device which engages and disengages power transmission especially from driving shaft to driven shaft.,http://simonbaudry.free.fr/dico-meca/clutch.jpg,,,https://www.carthrottle.com/post/engineering-explained-clutch-basics-and-performance-clutches/
Collet,Collar,Fonction mécanique,,Couronne en saillie sur une pièce cylindrique.  Voir embase,,http://simonbaudry.free.fr/dico-meca/2017-08-28_142511axe.png,http://simonbaudry.free.fr/dico-meca/2017-08-28_155756gorge-saignee-collet-embase-epaulement-chanfreins.png,,
Lamage,Counterbore,Procédé de manufacturing,,Logement cylindrique généralement destiné à obtenir une surface d’appui et noyer un élément de pièce. ,,http://simonbaudry.free.fr/dico-meca/2017-08-28_160037bossage-lamage.png,http://simonbaudry.free.fr/dico-meca/2017-08-29_145511lamage.png,,
Chambrage,Counterboring,Fonction mécanique,,Evidement réalisé à l’intérieur d’un cylindre afin de réduire la portée de l'arbre contenu dans le cylindre. ,"Cylindrical flat-bottomed hole that enlarges another coaxial hole, or the tool used to create that feature. A counterbore hole is typically used when a fastener, such as a socket head cap screw, is required to sit flush with or below the level of a workpiece's surface.",http://simonbaudry.free.fr/dico-meca/2017-08-29_125756chambrage.png,http://simonbaudry.free.fr/dico-meca/2017-08-28_155421chambrage.png,,
Fraisure,Countersink,Fonction mécanique,,Evasement conique fait avec une fraise à l’orifice d’un trou. ,"Conical hole cut into a manufactured object, or the cutter used to cut such a hole. ",http://simonbaudry.free.fr/dico-meca/2017-08-28_155944fraisure.png,http://simonbaudry.free.fr/dico-meca/Countersunk_and_counterbored_holes_cross-section.png,,
Coupleur,Coupler,Transmission de puissance,,Pièce permettant la jonction cylindrique entre un deux axes tournants.,Part that allows cylindrical connexion between two rotating axis.,http://simonbaudry.free.fr/dico-meca/2017-10-25_114038-coupler.jpg,,,
Manivelle,Crank,Composant mécanique,,Composant mécanique présentant une partie excentrée appelée maneton (monobloc ou rapporté) par lequel une force peut lui imprimer un mouvement de rotation autour de son axe.,"An arm attached at a right angle to a rotating shaft by which reciprocating motion is imparted to or received from the shaft. It is used to convert circular motion into reciprocating motion, or vice versa. ",http://simonbaudry.free.fr/dico-meca/manivelle.jpg,http://simonbaudry.free.fr/dico-meca/vilebrequin-manivelle.jpg,,
Maneton ,Crankpin,Fonction mécanique,,"Partie cylindrique d'un vilebrequin, d’une manivelle ou d’un arbre coudé, sur laquelle s’articule une tête de bielle.",,http://simonbaudry.free.fr/dico-meca/2017-08-28_160205maneton.png,http://simonbaudry.free.fr/dico-meca/vilebrequin-maneton-tourillon.jpg,,
Vilebrequin,Crankshaft,Composant mécanique,,"Dispositif mécanique qui permet, par l’intermédiaire d'une bielle, la transformation du mouvement linéaire rectiligne du piston en un mouvement de rotation continu, et inversement.",Mechanical part able to perform a conversion between reciprocating motion and rotational motion. ,http://simonbaudry.free.fr/dico-meca/vilebrequin.jpg,http://simonbaudry.free.fr/dico-meca/vilebrequin-maneton-tourillon.jpg,,
Sertissage,Crimp,Élement de fixation,,,,http://simonbaudry.free.fr/dico-meca/2017-08-29_154550sertissage.png,,,
"Vue de coupe, vue de section","Cutaway, section view, cross-section",Géométrie,,Dessin montrant l'intérieur d'un système de telle manière que les éléments externes ont été partiellement coupés (intersection avec un ou lusieurs plans) afin de dégager la vue d'autres éléments internes.,"Drawing in which surface elements of a three-dimensional model are selectively removed, often intersected by one or several planes, in order to make internal features visible, but without sacrificing the outer context entirely.",http://simonbaudry.free.fr/dico-meca/2017-09-11_171347section1.png,http://simonbaudry.free.fr/dico-meca/section.gif,,
Liaison pivot glissant,Cylindrical joint,Cinématique,,,Lower pair joint.,http://simonbaudry.free.fr/dico-meca/2017-09-12_180332-pivot-glissant.png,,,http://dictionnaire.sensagent.leparisien.fr/Liaison_(m%C3%A9canique)/fr-fr/#Mod.C3.A9lisation_anglo-saxonne
Diamètre,Diameter,Géométrie,,Segment de droite passant par le centre et limité par les points du cercle ou de la sphère. Le diamètre est aussi la longueur de ce segment.,,http://simonbaudry.free.fr/dico-meca/diameter.png,,,
Filière,Die,Outil - instrument - machine,,"Outil utilisé pour réaliser un filetage ou filets sur une tige de matière variable (métal, plastique, bois, etc.) afin de réaliser une tige filetée. Une filière s'utilise avec un porte-filière.","A die cuts an external thread on cylindrical material, such as a rod, which creates a male threaded piece which functions like a bolt. Dies are generally made in two styles: solid and adjustable.   Process: threading",http://simonbaudry.free.fr/dico-meca/637px-ThreadingDies.jpg,,,
Embrèvement,Dimpling,Fonction mécanique,,Forme emboutie dans une tôle et destinée à servir de logement pour une pièce ne devant pas être en saillie.  - ou -   Assemblage par embrèvement.,,http://simonbaudry.free.fr/dico-meca/2017-08-29_145523embrevement.png,http://simonbaudry.free.fr/dico-meca/2017-08-29_134841embrevement.png,,
Queue d'aronde,Dove tail,Fonction mécanique,,Tenon en forme de trapèze pénétrant dans une rainure de même forme et assurant une liaison glissière.,,http://simonbaudry.free.fr/dico-meca/2017-08-29_141417dovetail.png,,,
Dépouille,Draft angle,Procédé de manufacturing,,Inclinaison donnée aux surfaces en vue d’assurer la possibilité ou l’aisance du démoulage.,,http://simonbaudry.free.fr/dico-meca/2017-08-28_155900depouille-nervure-bossage-evidement.png,http://simonbaudry.free.fr/dico-meca/2017-08-28_155308depouille-bossage-douille.png,,
Arête,Edge,Géométrie,,Rebord entre deux faces d'une pièce.,Limit between two faces of a part. ,http://simonbaudry.free.fr/dico-meca/2017-08-29_153028face-edge-vertex.png,,,
Liaison linéaire rectiligne,Edge slider joint,Cinématique,,,,http://simonbaudry.free.fr/dico-meca/2017-09-12_180129lineaire-rectiligne.png,,,http://dictionnaire.sensagent.leparisien.fr/Liaison_(m%C3%A9canique)/fr-fr/#Mod.C3.A9lisation_anglo-saxonne
Anneau de levage (main ou oreille de levage),Eye bolt,"Composant mécanique, Elément de fixation",,ccessoire de levage permettant de connecter une charge à une manille ou un crochet de levage (ou tout autre outil de connexion).,"Bolt with a loop at one end. They are used to firmly attach a securing eye to a structure, so that ropes or cables may then be tied to it.",,,,
"Plan, face",Face,Géométrie,,,,http://simonbaudry.free.fr/dico-meca/2017-08-29_153028face-edge-vertex.png,,,
Lime,File,Outil - instrument - machine,,,,,,,
"Congé, arrondi",Fillet,Design mécanique,,Congé : Surface à section circulaire partielle destinée à raccorder deux surfaces formant un angle rentrant.  Arrondi : Surface à section circulaire partielle et destinée à supprimer une arête vive.,Rounding of an interior or exterior corner of a part design. ,http://simonbaudry.free.fr/dico-meca/2017-08-28_142419conge.png,http://simonbaudry.free.fr/dico-meca/2017-08-28_142404arrondi.png,,
Bride,Flange,Composant mécanique,,"Couronne terminant un cylindre, un tuyau ou un arbre et ayant pour fonction d’en permettre l’assemblage avec une pièce analogue à l’aide de boulons. Cette appellation désigne également des pièces rapportées jouant le même rôle ou des rôles analogues.","External or internal ridge, or rim (lip), for strength, as the flange of an iron beam such as an I-beam or a T-beam; or for attachment to another object, as the flange on the end of a pipe, steam cylinder, etc., or on the lens mount of a camera; or for a flange of a rail car or tram wheel.",http://simonbaudry.free.fr/dico-meca/2017-08-28_155219bride.png,,,
Collerette,Flange,"Eléments tournants, Composant mécanique",,"Partie en forme de col terminant une pièce mécanique, comme un palier, et permettant son assemblage avec une autre pièce. Arret en translation, etc.","xternal or internal ridge, or rim (lip), for strength, as the flange of an iron beam such as an I-beam or a T-beam; or for attachment to another object, as the flange on the end of a pipe, steam cylinder, etc., or on the lens mount of a camera; or for a flange of a rail car or tram wheel.",http://simonbaudry.free.fr/dico-meca/2017-08-29_144733collerette.png,,,
Flasque (ex. : flasque avant d'un moteur),Flange,Composant mécanique,,,,http://simonbaudry.free.fr/dico-meca/2017-08-29_151442flasque.png,,,
Joue,"Flange, cheek",Fonction mécanique,,,,http://simonbaudry.free.fr/dico-meca/2017-08-28_155641oreille-joue-coussinet-bagueflottante.png,,,
Taquet français,French cleat,Élement de fixation,,"Double pièce biseautée en moulure, à 45°, l'une fixée à un mur (biseau vers le haut) et l'autre fixée à un élément à accrocher au mur (biseau vers le bas). Les deux pièces s'emboittent entre elles.  Peut se présenter sous la forme de la seule pièce fixée au mur, l'élément à accrocher ayant déjà une partie géométrique à angle permettant l'assemblage.","Way of securing an object to a wall.It is a molding with a 30–45 degree slope used to hang cabinets or other objects.  French cleats can be used in pairs, or with a cleat mounted to the wall and a matching edge cut into the object to be hung.",http://simonbaudry.free.fr/dico-meca/2019-03-19_083044.png,http://simonbaudry.free.fr/dico-meca/2019-03-19_083108.png,,
Godron,"Gadroon, gadrooning",,,"Cannelure en relief, ou bien type de languette, surépaisseur de matière qui peut servir à ajuster un emboitement entre deux pièces.",,http://simonbaudry.free.fr/dico-meca/Ball-Gadroon-tieback-600x600.jpg,http://simonbaudry.free.fr/dico-meca/godron_31.jpg,,
Joint,Gasket,Composant mécanique,,"Fine pièce assurant une étanchéité entre deux parties, le plus souvent creuses.",,http://simonbaudry.free.fr/dico-meca/gasket_Sols_08-copy.jpg,http://simonbaudry.free.fr/dico-meca/gasket-640x400.jpg,,
"Engrenage, chaîne d'engrenages","Gear, gear train",Eléments tournants,,,,http://simonbaudry.free.fr/dico-meca/2017-08-29_150545geartrain.png,,,
Gorge,Groove,Design mécanique,,Dégagement étroit généralement arrondie à sa partie inférieure. ,,http://simonbaudry.free.fr/dico-meca/2017-08-28_155756gorge-saignee-collet-embase-epaulement-chanfreins.png,,,
Marteau,Hammer,Outil - instrument - machine,,"Un marteau est un outil percuteur, servant par exemple à aplatir un morceau de fer ou à enfoncer un clou.","A modern day hammer is a tool consisting of a weighted ""head"" fixed to a long handle that is swung to deliver an impact to a small area of an object.",http://simonbaudry.free.fr/dico-meca/Claw-hammer.jpg,,,
Charnière,Hinge,Composant mécanique,,"Elément de mécanisme fonctionnant selon le principe d'une liaison pivot. Fréquemment utilisées en menuiserie, les charnières permettent l'articulation de battants non démontables. Une ""charnière"" est en fait composée de trois parties:une immobile (fixée sur le montant de la porte) — le charnier ; une intermédiaire (l'axe) — le gond ; une mobile (fixée sur la porte elle-même) — la charnière.","Mechanical bearing that connects two solid objects, typically allowing only a limited angle of rotation between them. Two objects connected by an ideal hinge rotate relative to each other about a fixed axis of rotation: all other translations or rotations being prevented, and thus a hinge has one degree of freedom.",http://simonbaudry.free.fr/dico-meca/27872-charniere-1.jpg,http://simonbaudry.free.fr/dico-meca/charniere2.jpg,,
Trou,Hole,Procédé de manufacturing,,,,http://simonbaudry.free.fr/dico-meca/hole.png,,,
"Collier, collier de serrage","Hose clamp, hose clip, hose lock",Composant mécanique,,"Composant mécanique dont la destination principale est le maintien en position d'un tuyau souple ou durite (flexible) sur un tube (rigide) par emmanchement du tube dans le tuyau. En fournissant une pression de serrage radiale uniformément répartie, il garantit l'étanchéité de la jointure ainsi formée.",Device used to attach and seal a hose onto a fitting such as a barb or nipple.,http://simonbaudry.free.fr/dico-meca/collier.jpg,,,
Tuyau,"Hose, pipe",Composant mécanique,,Tube creux flexible ou dur destiné à déplacer des fluides.,Flexible hollow tube designed to carry fluids from one location to another. ,http://simonbaudry.free.fr/dico-meca/hose.jpg,http://simonbaudry.free.fr/dico-meca/pipe.jpg,,
"Logement, carter, boitier",Housing,Design mécanique,,Enveloppe protégeant un organe mécanique,,http://simonbaudry.free.fr/dico-meca/2017-08-29_152116logement.png,,,
Moyeu,Hub,Transmission de puissance,,"Partie centrale d'une pièce technique tournante discoïdale: roue, poulie, engrenage, volant. Cette partie centrale peut transmettre les efforts moteurs ou non (être simplement porteur).","The center part of a wheel. It consists of an axle, bearings and a hub shell.",http://simonbaudry.free.fr/dico-meca/2017-10-25_114511-hub.jpg,http://simonbaudry.free.fr/dico-meca/moyeu-de-roue-sourcingmap-r-velo-28-disque-trous.jpg,,
Intrados,Inner surface,Design mécanique,,,,http://simonbaudry.free.fr/dico-meca/2017-08-29_141133extrados-intrados.png,,,
Insert,Insert nut,Élements de fixation,,"Fût à alésage taraudé noyé dans une pièce, afin d'y accuillir une vis qui permet la fixation d'une autre pièce à la première.","An insert nut provides a threaded socket for a wooden workpiece, similar to a wall anchor. Insert nuts are inserted into a pre-drilled hole by one of two means: screw in and hammer in. In both cases, the external protrusions bite into the wood, preventing the nut from either turning or pulling out.",http://simonbaudry.free.fr/dico-meca/2017-09-11_185626-insert.png,http://simonbaudry.free.fr/dico-meca/insert.jpg,,
Mors,Jaw,Composant mécanique,,"Parties constituant les machoire d'un étau, venant serrer une pièce.",,http://simonbaudry.free.fr/dico-meca/2019-02-23_mors.png,http://simonbaudry.free.fr/dico-meca/2019-02-23_etau-mors-mordache.png,,
Eclisse,Joint plate,"Élements de fixation, Composant mécanique",,,,http://simonbaudry.free.fr/dico-meca/2017-08-29_130209eclisse.png,,,
Liaison mécanique,"Joint, linkage, kinematic pair",Cinématique,,"Modèle utilisé pour décrire l'association de plusieurs pièces liées entre elles par des contacts physiques qui les rendent totalement ou partiellement solidaires, selon qu'ils autorisent ou non des mouvements relatifs. ",Connection between two bodies that imposes constraints on their relative movement.,http://simonbaudry.free.fr/dico-meca/kinematic-pairs.gif,,,
Dégauchisseuse,Jointer,"Outil - instrument - machine, Travail du bois",,"Machine-outil de travail du bois ( charpente, menuiserie ... ) qui permet de dégauchir des pièces de bois brutes, c'est-à-dire les rendre droites et planes en dressant leurs faces qui forment un angle de 90° à 135°.",Woodworking machine used to produce a flat surface along a board's length.,http://simonbaudry.free.fr/dico-meca/2019-03-20_142644degauchisseuse.png,http://simonbaudry.free.fr/dico-meca/2019-03-20_142750degauchisseuse.png,,
Saignée,"Kerf, groove",Design mécanique,,"Entaille profonde et de faible largeur. Peut être utilisée pour les circlips. En général, plus profond qu'une gorge.",,http://simonbaudry.free.fr/dico-meca/2017-08-28_155756gorge-saignee-collet-embase-epaulement-chanfreins.png,http://simonbaudry.free.fr/dico-meca/2017-08-29_145451saignee.png,,
Clavette,Key,Composant mécanique,,"Pièce destinée à l’assemblage, se logeant dans des mortaises ou des rainures pratiquées dans des pièces à assembler.",Machine element used to connect a rotating machine element to a shaft.,http://simonbaudry.free.fr/dico-meca/2017-08-28_155603clavette-rainure.png,http://simonbaudry.free.fr/dico-meca/clavette.png,,
Ergot,"Key, snug",Fonction mécanique,,"Petit élément de pièce en saillie, généralement destiné à assurer un arrêt en rotation. ",,http://simonbaudry.free.fr/dico-meca/2017-08-28_155715encoche-ergot.png,http://simonbaudry.free.fr/dico-meca/din-432.jpg,,
Rainure,Keyway,Fonction mécanique,,Entaille longue pratiquée dans une pièce pour recevoir une languette ou un tenon.,,http://simonbaudry.free.fr/dico-meca/2017-08-28_142340rainures.png,http://simonbaudry.free.fr/dico-meca/2017-08-28_160356rainure-languette.png,,
Surface moletée,Knurled surface,Design mécanique,,"Surface légèrement rainurée par deux réseaux de rainures se croisant, donnant un aspect gaufré. Elles sont généralement destinées à assurer une meilleure prise manuelle de l’objet, en évitant le glissement de la main.",,http://simonbaudry.free.fr/dico-meca/2017-08-28_160554surface-moletee.png,,,
"Tige filetée, vis-écrou - vis à rouleaux",Lead screw,Composant mécanique,,"Mécanisme assurant la conversion d'un mouvement de rotation en un mouvement de translation (liaison hélicoïdale).   Vis à rouleaux satellites : Equivalent du mécanisme de vis-écrou, où des vis, appelées rouleaux, sont intercalées entre les deux pièces.","Screw used as a linkage in a machine, to translate turning motion into linear motion.",http://simonbaudry.free.fr/dico-meca/leadscrew.jpg,http://simonbaudry.free.fr/dico-meca/vis-a-rouleaux.jpg,,
"Niveau, niveau à bulle","Level, spirit level, bubble level",Outil,,,,,,,
Élingue,"Lifiting band, sling, slinging device","Composant mécanique, Elément de fixation",,"Accessoire de levage souple en cordage ou en sangle, en câble métallique ou en chaîne, généralement terminé par des composants métalliques tels que maille, crochets, anneaux ou manilles. L'élingue est un accessoire de travail indispensable aussi bien sur les bateaux (cordages, arrimage), hélicoptères, que sur les chantiers de constructions (gréage) et même dans les transports, quand il s'agit d'arrimer une charge sur un camion (élingue d'arrimage).",,,,,
Locating,Locating,Fonction mécanique,,Pièce positionnant une autre pièce. ,,http://simonbaudry.free.fr/dico-meca/2017-08-29_145615locating.png,,,
"Goupille, pion de verrouillage nylon",Locking pin (nylon),Fonction mécanique,,,,http://simonbaudry.free.fr/dico-meca/SLP125_P_1_1.jpg,,,
Oreille,"Lug, flange",Fonction mécanique,,Rebord sur l'extrémité d'un palier lisse.,,http://simonbaudry.free.fr/dico-meca/2017-08-28_155641oreille-joue-coussinet-bagueflottante.png,,,
Maillet,Mallet,Outil - instrument - machine,,"Le maillet, composé d'un manche et d'une tête symétrique, se distingue de la masse et du marteau par le matériau dont est constituée cette tête : traditionnellement en bois, mais aussi en caoutchouc, plastique, etc. Cette particularité permet à l'outil qu'elle percute (p. ex. un ciseau) de pénétrer dans le matériau travaillé (pierre, bois, etc.) sans onde de choc perturbatrice. ","A mallet is a kind of hammer, often made of rubber or sometimes wood, that is smaller than a maul or beetle, and usually has a relatively large head. ",http://simonbaudry.free.fr/dico-meca/Mallet_menuisier.jpg,,,
Procédé de fabrication,Manufacturing,Procédé de manufacturing,,,,http://simonbaudry.free.fr/dico-meca/2017-08-29_153547manufacturing.png,,,
"Trusquin, jauge de traçage, trusquin à mortaise","Marking gauge, scratch gauge, mortise gauge - dual marking gauge",Outil - instrument - machine,,"Outils de traçage à la pointe ou à la lame, opérant par translation sur une surface d'appui de référence. Le trusquin à mortaise a deux pointes ou deux lames réglables pour marquer l'emplacement d'une mortaise.",Used in woodworking and metalworking to mark out lines for cutting or other operations. The purpose of the gauge is to scribe a line parallel to a reference edge or surface. ,http://simonbaudry.free.fr/dico-meca/marking_mortaise_gauge.jpg,http://simonbaudry.free.fr/dico-meca/2019-02-23_trusquin.png,,
Méplat,"Meplat, Flattening",Fonction mécanique,,Surface plane sur une pièce à section circulaire. ,,http://simonbaudry.free.fr/dico-meca/2017-08-28_160131meplat.png,,,
Fraisage,Milling,Procédé de manufacturing,,,,http://simonbaudry.free.fr/dico-meca/2017-08-29_151547fraisage.png,,,
Boite à onglets,Mitre box,Outil - instrument - machine,,,,,,,
Moulure,Molding (Decorative),"Design mécanique, Travail du bois",,"Élément d'ornement allongé le long d'une arête, en saillie ou en creux. Travaillée à la toupie.",Strip of material with various profiles used to cover transitions between surfaces or for decoration.,http://simonbaudry.free.fr/dico-meca/2019-03-20_142405.png,,,
Mortaise,Mortise,Fonction mécanique,,"Trou souvent rectangulaire pratiqué ou aménagé dans une partie d'un assemblage pour recevoir un élément saillant d'une autre pièce de cet assemblage, le tenon.","A mortise-and-tenon joint  is a means of joining two pieces of wood at an angle (usually 90°) to each other. A protruding tenon, cut at the end of one piece, fits into a corresponding recess, called a mortise, in the other.",http://simonbaudry.free.fr/dico-meca/Mortise_and_tenon.png,http://simonbaudry.free.fr/dico-meca/2017-08-28_160228tenon-mortaise.png,,
Bédane (masculin),Mortise chisel,"Outil - instrument - machine, Travail du bois",,"(Nom masculin) Outil proche du ciseau à bois, mais plus épais, ce qui lui donne plus de résistance.",Thick chisel,http://simonbaudry.free.fr/dico-meca/bedane.jpg,,,
Manchon,Muff,Composant mécanique,,"Pièce cylindrique creuse à placer sur des pièces cylindriques pleines, pour en assurer notamment l’assemblage par serrage ou par frettage.",,http://simonbaudry.free.fr/dico-meca/2017-08-28_160147manchon.png,http://simonbaudry.free.fr/dico-meca/2017-08-28_155520clavette-douille-manchon.png,,
Encoche,Notch,Design mécanique,,Petite entaille. ,,http://simonbaudry.free.fr/dico-meca/2017-08-29_145407encoche-entaille.png,http://simonbaudry.free.fr/dico-meca/2017-08-29_135202encoche.png,,
Entaille,"Notch, indent",Design mécanique,,"system used to turn a screw. At a minimum, it is a set of shaped cavities and protrusions on the screw head that allows torque to be applied to it. Usually, it also involves a mating tool, such as a screwdriver, that is used to turn it. https://en.wikipedia.org/wiki/List_of_screw_drives",,http://simonbaudry.free.fr/dico-meca/2017-08-29_135616entailles.png,http://simonbaudry.free.fr/dico-meca/2017-08-29_145407encoche-entaille.png,,
"Oblong, boutonnière",Oblong,Fonction mécanique,,"Trou plus long que large, terminé par deux demi cylindres. ",,http://simonbaudry.free.fr/dico-meca/2017-08-28_142457oblong.png,,,
Semelle,Pad,Fonction mécanique,,Surface d’une pièce généralement plane et servant d’appui. ,,http://simonbaudry.free.fr/dico-meca/2017-08-29_145650semelle.png,http://simonbaudry.free.fr/dico-meca/2017-08-29_154712semelle.png,,
Plaque de garde,Pedestal jaw,"Composant mécanique, élément de fixation",,"Plaque généralement percée de deux trous, s'assemblant dans la saignée ou contre le méplat ou la rainure radiale d'un axe afin d'en assurer son maintien axial (axe z de l'axe) dans l'alésage d'une troisième pièce dans laquelle la plaque est fixée. Joue le rôle d'un circlip.",,http://simonbaudry.free.fr/dico-meca/2017-10-04_142159-plaque-garde.png,http://simonbaudry.free.fr/dico-meca/2017-10-04_142225-plaque-de-garde.png,,
Goupille,Pin,Composant mécanique,,"Tige ou broche, cylindrique ou conique, destinée à l’assemblage, à l’immobilisation ou au repérage de deux pièces.",,http://simonbaudry.free.fr/dico-meca/2017-08-28_160007goupille-gouge.png,,,
Téton,Pin,Fonction mécanique,,"Petite saillie de forme cylindrique. Vis téton : vis venant appuyer sur une autre pièce. Pour l'entrainement - arrêt en rotation d'un axe avec méplat, la vis téton doit être au niveau du méplat afin de garantir la coaxiallité. Les éventuels changements de sens de rotation peuvent cependant entrainer un jeu angulaire.",,http://simonbaudry.free.fr/dico-meca/2017-08-28_160614teton.png,,,
Pignon d'engrenage,Pinion gear,Transmission de puissance,,,,http://simonbaudry.free.fr/dico-meca/2017-08-29_152928pignon-roue-entraxe.png,,,
Piston,Piston,Composant mécanique,,"Pièce rigide de section généralement circulaire coulissant dans un cylindre de forme complémentaire. Le déplacement du piston entraîne une variation de volume de la chambre, partie située au-dessus du piston, entre celui-ci et le cylindre. Un piston permet la conversion d'une pression en un travail, ou réciproquement.","Component of reciprocating engines, reciprocating pumps, gas compressors and pneumatic cylinders, among other similar mechanisms. It is the moving component that is contained by a cylinder and is made gas-tight by piston rings.",http://simonbaudry.free.fr/dico-meca/piston-coupe.png,http://simonbaudry.free.fr/dico-meca/piston4t.gif,,
"Pas, avance, nombre de filets d'une vis","Pitch, lead, start of a screw",Paramètre,,"Pas : Distance axiale du filet sur un tour.  Conduite : Distance parcourue par un écrou sur un tour.  Nombre de filets : Généralement 1, 2 ou 4 filets.  Avance = Pas x Nombre de fillets",Pitch Pitch is the distance between screw grooves and is commonly used with inch sized products and specified as threads per inch.  Lead Lead is the linear travel the nut makes per one screw revolution and is how ball screws are typically specified.  The pitch and lead are equal with single start screws.  For multiple start screws the lead is the pitch multiplied by the number of starts.,http://simonbaudry.free.fr/dico-meca/difference-between-pitch-lead.jpg,http://simonbaudry.free.fr/dico-meca/Lead_and_pitch_in_screws.png,,
Pivot,Pivot,Géométrie,,"Partie cylindrique terminale d’un arbre disposé verticalement, par laquelle il est supporté.",,http://simonbaudry.free.fr/dico-meca/2017-08-28_160336pivot.png,,,
"Crapaudine, palier vertical à charge axiale","Pivot bearing, socket bearing, step bearing",Composant mécanique,,Pièce de métal constituée par un palier de butée destiné à recevoir l'extrémité du pivot d'un arbre vertical et un palier de guidage destiné à absorber les efforts radiaux. Le but est de permettre la rotation d'un arbre dont la charge est dans le prolongement de son axe.,,http://simonbaudry.free.fr/dico-meca/2017-10-04_150017crapaudine.png,,,
Liaison appui plan,Planar joint,Cinématique,,,,http://simonbaudry.free.fr/dico-meca/2017-09-12_180427-appui-plan.png,,,http://dictionnaire.sensagent.leparisien.fr/Liaison_(m%C3%A9canique)/fr-fr/#Mod.C3.A9lisation_anglo-saxonne
Engrenages épicycloïdaux,Planetary gears,"Ensemble de pièces mécaniques, Transmission de puissance",,,,http://simonbaudry.free.fr/dico-meca/planetary-gears.jpg,,,
Pince,Plier,Outil - instrument - machine,,"Outil mécanique ayant pour fonction de pincer, maintenir, serrer, couper, déformer un objet ou une partie d'objet.",Hand tool used to hold objects firmly.,http://simonbaudry.free.fr/dico-meca/800px-Tool-pliers.jpg,http://simonbaudry.free.fr/dico-meca/Work_shop_clamps.JPG,,
Evidement,Pocket,Design mécanique,,Vide prévu dans une pièce pour en diminuer le poids ou pour réduire une surface d’appui. ,,http://simonbaudry.free.fr/dico-meca/2017-08-28_155438evidement-degagement.png,,,
Profilé,"Profile, section, T-slotted bar",Design mécanique,,Métal laminé suivant une section constante. ,Laminated bar metal following a constant section.,http://simonbaudry.free.fr/dico-meca/2017-08-29_145537profile.png,http://simonbaudry.free.fr/dico-meca/2017-08-29_153903profile.png,,
Rapporteur d'angles,Protractor,Outil,,,,,,,
Saillie,"Protuding, jut",Design mécanique,,Partie saillante qui fait relief sur une surface unie.,,,,,
Poulie,"Pulley, driver, block",Transmission de puissance,,"Désigne l'ensemble roue - courroie, ou bien uniquement la roue qui entraîne ou est entraînée par une courroie, corde, ou chaîne.",Wheel on an axle or shaft that is designed to support movement and change of direction of a taut cable.,http://simonbaudry.free.fr/dico-meca/2017-11-08_151941-poulie-courroie.jpg,http://simonbaudry.free.fr/dico-meca/2017-11-08_152239poulie.jpg,,
Crémaillère,Rack and pinion,Ensemble de pièces mécaniques,,"Éléments d'engrenages composés d'un pignon et d'une barre dentée, ou secteur de couronne dentée de rayon très grand (infini, si la crémaillère est parfaitement droite). Son mouvement rotatif (via le pignon) devient alors un mouvement linéaire.","Type of linear actuator that comprises a pair of gears which convert rotational motion into linear motion. A circular gear called ""the pinion"" engages teeth on a linear ""gear"" bar called ""the rack""; rotational motion applied to the pinion causes the rack to move relative to the pinion, thereby translating the rotational motion of the pinion into linear motion.",http://simonbaudry.free.fr/dico-meca/cremaillere.jpg,,,
Rayon,Radius,Géométrie,,,,http://simonbaudry.free.fr/dico-meca/2017-08-29_153618radius.png,,,
Râpe,Rasp,Outil,,,,,,,
Liaison pivot,"Revolute joint, pin joint, hinge joint",Cinématique,,,Lower pair joint.,http://simonbaudry.free.fr/dico-meca/2017-09-12_180446-pivot.png,,,http://dictionnaire.sensagent.leparisien.fr/Liaison_(m%C3%A9canique)/fr-fr/#Mod.C3.A9lisation_anglo-saxonne
Nervure,Rib,Design mécanique,,Partie saillante d’une pièce destinée à en augmenter la résistance ou la rigidité. ,,http://simonbaudry.free.fr/dico-meca/2017-08-28_142444nervure.png,http://simonbaudry.free.fr/dico-meca/2017-08-28_155900depouille-nervure-bossage-evidement.png,,
Liason encastrement,Rigid joint,Cinématique,,,,http://simonbaudry.free.fr/dico-meca/2018-04-26_152153-encastrement.png,,,http://dictionnaire.sensagent.leparisien.fr/Liaison_(m%C3%A9canique)/fr-fr/#Mod.C3.A9lisation_anglo-saxonne https://fr.wikipedia.org/wiki/Liaison_(m%C3%A9canique)
Bague,"Ring, Shaft collar",Composant mécanique,,"Pièce fixée ou libre placée autour d'un axe ou d'un arbre. Peut faire office d'entretoise ou de pallier lisse, ou bien de collier de sertissage.","Machine component found in many power transmission applications, most notably motors and gearboxes. The collars are used as mechanical stops, locating components, and bearing faces.",http://simonbaudry.free.fr/dico-meca/2017-08-29_142616bague.png,http://simonbaudry.free.fr/dico-meca/2017-08-29_142641.png,,
Rivet,Rivet,Élement de fixation,,"Elément d'assemblage et de fixation permanent. Il se présente sous la forme d'une tige cylindrique, généralement métallique, pleine ou creuse qui est munie à l'une de ses extrémités d'une « tête », c'est-à-dire une partie de section plus grande. L'autre extrémité sera aplatie et élargie par écrasement, pour solidariser les éléments qu'on veut riveter ensemble. C'est le rivetage.",,http://simonbaudry.free.fr/dico-meca/2017-08-29_130339rivetage.png,,,
Bielle,"Rod, connecting rod, conrod","Eléments tournants, Composant mécanique",,"Pièce dotée de deux articulations, une à chaque extrémité, dans le but de transmettre une force, un mouvement ou une position1. L'articulation à chaque extrémité de la bielle peut être un pivot ou une rotule.","Shaft which connects a piston to a crank or crankshaft in a reciprocating engine. Together with the crank, it forms a simple mechanism that converts reciprocating motion into rotating motion.",http://simonbaudry.free.fr/dico-meca/1200px-Bielle_(face).svg.png,,,
Galet,Roller,Composant mécanique,,"Petit rouleau tournant autour de son axe, à surface périphérique cylindrique ou torique.",,http://simonbaudry.free.fr/dico-meca/2017-08-28_155347clavette-came-shaft-galet.png,,,
Cale à poncer,Sanding block,Outil - instrument - machine,,"Pièce en bois, en liège, en plastique ou en caoutchouc servant à recevoir un abrasif afin de poncer à la main à plat d'une manière uniforme.","Block used to hold sandpaper. In its simplest form, it is a block of wood or cork with one smooth flat side. The user wraps the sandpaper around the block, and holds it in place (by inserting a fitted piece of cardboard under the sandpaper, one can soften the impact on the wood and protect against tears or uneven wear on the sandpaper). Sanding blocks are helpful because they prevent the ""waves"" created by plain sandpaper.",http://simonbaudry.free.fr/dico-meca/cale-a-poncer.png,http://simonbaudry.free.fr/dico-meca/cale-a-poncer-2.png,,
,Sawrasp,Outil,,,,,,,
"Décrochement, redent",Sawtooth,Fonction mécanique,,Surface en retrait d’une surface et parallèle à celle-ci. ,,http://simonbaudry.free.fr/dico-meca/2017-08-29_145713decrochement.png,,,
Vis,Screw,Élement de fixation,,,,http://simonbaudry.free.fr/dico-meca/2017-08-29_150103vis.png,,,
Vis entre cuir et chair,Screw between two parts,Élement de fixation,,"Vis placée à cheval sur deux pièces cylindriques emmanchées, pour empêcher un déplacement relatif angulaire.",,http://simonbaudry.free.fr/dico-meca/2017-08-28_160523vis-entre-cuir-et-chair.png,,,
Emprunte de tournevis,Screw drive,Outil - instrument - machine,,Emprunte de tournevis permettant selon le type et la taille de visser ou dévisser différents types de vis.,"system used to turn a screw. At a minimum, it is a set of shaped cavities and protrusions on the screw head that allows torque to be applied to it. Usually, it also involves a mating tool, such as a screwdriver, that is used to turn it. https://en.wikipedia.org/wiki/List_of_screw_drives",http://simonbaudry.free.fr/dico-meca/2019-03-20_143848screwdrives.png,,,
Trou de vis,Screw hole,Élement de fixation,,,,http://simonbaudry.free.fr/dico-meca/2017-08-29_155357-trou%20taraude.png,,,
Liaison hélicoïdale,Screw joint,Cinématique,,,Lower pair joint.,http://simonbaudry.free.fr/dico-meca/2017-09-12_180528-helicoidale.png,,,http://dictionnaire.sensagent.leparisien.fr/Liaison_(m%C3%A9canique)/fr-fr/#Mod.C3.A9lisation_anglo-saxonne
Tournevis,Screwdriver,Outil - instrument - machine,,Outil de poing utilisé entre autres pour l'insertion et le retrait des vis dans les matériaux. ,"Tool, manual or powered, for screwing and unscrewing (inserting and removing) screws.",http://simonbaudry.free.fr/dico-meca/2019-03-20_143530trounevis.png,,,
Equerre,"Set square, T-square","Composant mécanique, Outil - instrument - machine",,Instrument formé de deux pièces ajustées à angle droit. - ou - Pièce en deux plans à angle droit permettant la fixation à 90° de deux éléments.  https:--fr.wikipedia.org-wiki-%C3%89querre,,http://simonbaudry.free.fr/dico-meca/EQUERRE.jpg,http://simonbaudry.free.fr/dico-meca/2018-03-28_101743EQUERRES.png,,
Manille,"Shackle, gyve","Composant mécanique, Elément de fixation",,"ièce en acier forgé constituée d'un étrier, dont la forme peut être variable (U, lyre, rond), fermée par un axe mobile : celui-ci peut être un boulon ou un système plus sophistiqué. La manille sert à relier, généralement de manière provisoire, un cordage ou une chaîne avec des objets sur lesquels une traction doit s'exercer verticalement ou horizontalement. La liaison peut être réalisée directement sur l'objet, si celui-ci comporte un anneau, ou par l'intermédiaire d'un cordage, d'une élingue ou d'une chaîne solidaire de l'objet.","U-shaped piece of metal secured with a clevis pin or bolt across the opening, or a hinged metal loop secured with a quick-release locking pin mechanism.",,,,
Arbre,Shaft,"Eléments tournants, Transmission, Composant mécanique",,"Cylindre ou cone jouant le rôle d'axe de rotation, transmettant un couple.","Rotating machine element, usually circular in cross section, which is used to transmit power from one part to another, or from a machine which produces power to a machine which absorbs power.",http://simonbaudry.free.fr/dico-meca/2017-08-28_155246axe.png,http://simonbaudry.free.fr/dico-meca/2017-08-28_142511axe.png,,
Tourillon,Shaft journal,Fonction mécanique,,Partie cylindrique d’un arbre par laquelle il est supporté dans son mouvement de rotation (voir coussinet et palier).,The part of a shaft or axle that rests on bearings.,http://simonbaudry.free.fr/dico-meca/2017-08-28_155246axe.png,http://simonbaudry.free.fr/dico-meca/vilebrequin-maneton-tourillon.jpg,,
Tige,Shank,Design mécanique,,"Longue et fine pièce à section généralement ronde, utilisée pour fixer d'autres pièces en ses extrémités, ou bien utilisée pour des capteurs.",,http://simonbaudry.free.fr/dico-meca/2017-08-29_155257tige.png,,,
Fût. fût de vis,"Shank, pilot hole",Fonction mécanique,,,,http://simonbaudry.free.fr/dico-meca/2017-08-29_175938fut.png,,,
Coque,"Shell, case, casing",Design mécanique,,"Éléments à faible épaisseur entourant les parties fonctionnelles d'un système mécanique, et visibles de l'extérieur pour l'en protéger et-ou pour un effet visuel. La partie invisible de la coque peut avoir des éléments fonctionnels, ou non.",,http://simonbaudry.free.fr/dico-meca/2017-10-02_171022coque.png,,,
Clinquant,"Shim, foil",Composant mécanique,,"Tôle d'acier très mince utilisée notamment comme cale d'épaisseur, ou pour rendre de l'épaisseur à une partie usée de mécanisme.","Thin sheet of metal, usually manufactured with a rolling mill machine. Can be used as a spacer in order to give thickness to a worn out component.",http://simonbaudry.free.fr/dico-meca/2017-08-29_144253clinquant.png,,,
Cale (d'épaisseur),"Shim, spacer",Outil - instrument - machine,,Objet servant à combler un vide ou à immobiliser une partie mobile afin qu'elle ne puisse plus bouger.,"Thin and often tapered or wedged piece of material, used to fill small gaps or spaces between objects. Shims are typically used in order to support, adjust for better fit, or provide a level surface. Shims may also be used as spacers to fill gaps between parts subject to wear.",http://simonbaudry.free.fr/dico-meca/cale-1.png,http://simonbaudry.free.fr/dico-meca/steelshim.jpg,,
Épaulement,Shoulder,Fonction mécanique,,"Changement brusque de diamètre d'une pièce cylindrique, dont le but est généralement de servir de surface d'appui.",,http://simonbaudry.free.fr/dico-meca/2017-08-28_155756gorge-saignee-collet-embase-epaulement-chanfreins.png,http://simonbaudry.free.fr/dico-meca/2017-08-28_142511axe.png,,
Retassure,"Sink mark, dent, shrinkage cavity",Défaut,,,,http://simonbaudry.free.fr/dico-meca/2017-08-29_153734retassure-gauchissement.png,,,
Masse,Sledgehammer,Outil - instrument - machine,,"Une masse est un outil à percussion, maniée à deux mains, constituée d'une partie lourde, la tête, de forme parallélépipèdique, souvent métallique et pesant habituellement plus de trois kilogrammes, manipulée par un manche, habituellement d'un mètre de long.","Tool with a large, flat, often metal head, attached to a long handle. The shape of its head allows a sledgehammer to apply more force than other hammers of similar size. ",http://simonbaudry.free.fr/dico-meca/masse-sledgehammer.jpg,,,
Douille,"Sleeve, socket",Composant mécanique,,Pièce cylindrique ou conique creuse posée sur une pièce pleine.,,http://simonbaudry.free.fr/dico-meca/2017-08-28_155520clavette-douille-manchon.png,http://simonbaudry.free.fr/dico-meca/2017-08-28_155308depouille-bossage-douille.png,,
Liaison glissière,"Slide joint, prismatic joint",Cinématique,,,Lower pair joint.,http://simonbaudry.free.fr/dico-meca/2017-09-12_180503-glissiere.png,,,http://dictionnaire.sensagent.leparisien.fr/Liaison_(m%C3%A9canique)/fr-fr/#Mod.C3.A9lisation_anglo-saxonne
Fente,Slot,Design mécanique,,Petite rainure. ,,http://simonbaudry.free.fr/dico-meca/2017-08-29_151027fente.png,,,
douille,Socket,Fonction mécanique,,Ouverture dans laquelle rentre une autre pìece mécanique ou de fixation.  ou  Embout d'outil pour visser ou dévisser un élément de fixation.,Opening in any fitting that matches the outside diameter of another mechanical part.  or  Receptacle into which a tapered tool is inserted.,http://simonbaudry.free.fr/dico-meca/douille.jpg,,,
Mordache,Soft jaws,Outil - instrument - machine,,Une mordache est une plaque en matériau malléable rapportée sur chacun des mors d’un étau pour éviter la détérioration de la pièce lors du serrage.,,http://simonbaudry.free.fr/dico-meca/2019-02-23_mordache.png,http://simonbaudry.free.fr/dico-meca/2019-02-23_etau-mors-mordache.png,,
Entretoise,"Spacer, standoff",Composant mécanique,,Pièce rigide qui en relie deux autres et les maintient dans un écartement fixe.,"Structural component designed to link to parts, with a fixed space.",http://simonbaudry.free.fr/dico-meca/2017-08-29_150644entretoise.png,http://simonbaudry.free.fr/dico-meca/2017-08-29_150614entretoise.png,,
"Liaison rotule, sphérique","Spherical joint, ball joint",Cinématique,,,Lower pair joint.,http://simonbaudry.free.fr/dico-meca/2017-09-12_180219-rotule.png,,,
"Liaison ponctuelle, liaison sphère-plan","Spherical slider joint, three dimension rolling contact",Cinématique,,,Higher pair joint.,http://simonbaudry.free.fr/dico-meca/2017-09-12_180049-ponctuelle.png,,,http://dictionnaire.sensagent.leparisien.fr/Liaison_(m%C3%A9canique)/fr-fr/#Mod.C3.A9lisation_anglo-saxonne
"Cannelure, arbre cannelé",Spline shaft,Fonction mécanique,,"Rainures taillées dans l'arbre ou dans le moyeu. Elles permettent de transmettre des couples importants, l'une mâle (l'arbre), l'autre femelle (le moyeu) ; dans certains cas, le moyeu peut coulisser sur l'arbre. Elles peuvent être à flancs parallèles ou à flancs curvilignes.","Ridges or teeth on a drive shaft that mesh with grooves in a mating piece and transfer torque to it, maintaining the angular correspondence between them",http://simonbaudry.free.fr/dico-meca/cannelure-alberi_bussole_420.png,http://simonbaudry.free.fr/dico-meca/490px-Spline-shaft.png,,
Palonnier,"Spreader, horn",Composant mécanique,,Pièce de répartition des efforts.  Terme parfois utilisé pour désigner les flasques de sortie allongées des servomoteurs.,"Part used to divide forces.  In french, can be used as ""horn"" for the output flange of the servomotors.",http://simonbaudry.free.fr/dico-meca/2017-11-22_170050palonnier.jpg,http://simonbaudry.free.fr/dico-meca/top_vi10-palonnier.png,,
Engrenage droit,Spur gear,Transmission de puissance,,,,http://simonbaudry.free.fr/dico-meca/2017-08-29_150259spurgear.png,,,
Butée,"Stop, end wall",Fonction mécanique,,Pièce ou partie du pièce ayant pour fonction de stoper mécaniquement la rotation ou translation d'une autre pièce en mouvement dans un même assemblage.,,http://simonbaudry.free.fr/dico-meca/2017-08-29_144031butee.png,,,
Sangle,Strap,"Composant mécanique, Elément de fixation",,,,,,,
Tasseau,Strip,"Composant mécanique, Travail du bois",,,,,,,
Entretoise de soutien,Strut,Fonction mécanique,,"Pièce rigide qui en relie deux autres et les maintient dans un écartement fixe, assurant une résistance longitudinale.",,http://simonbaudry.free.fr/dico-meca/2017-08-29_150816entretoise-soutien.png,,,
Goujon,Stud,Élements de fixation,,"Organe mécanique en forme de tige, parfois fileté, permettant de réaliser une liaison « indirecte, complète, rigide, démontable » entre une pièce équipée du goujon et une ou plusieurs autres traversées par le goujon et verrouillée par un écrou.",Relatively long rod that is threaded on both ends; the thread may extend along the complete length of the rod. They are designed to be used in tension.,http://simonbaudry.free.fr/dico-meca/2017-08-29_151651goujon.png,,,
Émerillon,Swivel,"Composant mécanique, Elément de fixation",,"Système de fixation permettant la rotation autour d'un axe (hameçon, mousqueton, etc.).","Connection that allows the connected object, such as a gun, chair or swivel caster to rotate horizontally or vertically.",,,,
Languette,Tab,Fonction mécanique,,Tenon d’une grande longueur destiné à rentrer dans une rainure et assurer en général une liaison glissière.,,http://simonbaudry.free.fr/dico-meca/2017-08-28_160356rainure-languette.png,,,
Goutte de suif,Tallow-drop,Design mécanique,,Calotte sphérique éventuellement raccordée par une portion de tore. ,,http://simonbaudry.free.fr/dico-meca/2017-08-29_145429goutte-de-suif.png,,,
Taraud,Tap,Outil - instrument - machine,,"Outil destiné à réaliser un taraudage, c'est-à-dire un filetage à l'intérieur d'un tube initialement lisse.", A tap is used to cut or form the female portion of the mating pair (e.g. a nut).  Process: tapping,http://simonbaudry.free.fr/dico-meca/800px-ThreadingTaps.jpg,,,
Plot de centrage,Tapered interlock,Fonction mécanique,,,,http://simonbaudry.free.fr/dico-meca/2017-08-29_153155plot-centrage.png,,,
Tenon,Tenon,Fonction mécanique,,Partie mâle d'une pièce de construction destinée à être enfoncée dans la partie femelle (mortaise ou rainure) d'une autre pièce et qui tient les deux par emboîtement.,"A mortise-and-tenon joint  is a means of joining two pieces of wood at an angle (usually 90°) to each other. A protruding tenon, cut at the end of one piece, fits into a corresponding recess, called a mortise, in the other.",http://simonbaudry.free.fr/dico-meca/Mortise_and_tenon.png,http://simonbaudry.free.fr/dico-meca/2017-08-28_160228tenon-mortaise.png,,
Raboteuse,Thickness planer,"Outil - instrument - machine, Travail du bois",,"Machine-outil utilisée par le menuisier pour calibrer une pièce préalablement dressée (généralement à la dégauchisseuse) avec un état de surface désiré par une avance mécanique. La surface obtenue est une surface plane et parallèle à une surface de référence, précise au 1/10e de mm. Le calibrage de la pièce de bois à l'épaisseur et à la largeur désirées est obtenue par enlèvements successifs de matière.",Woodworking machine to trim boards to a consistent thickness throughout their length and flat on both surfaces.,http://simonbaudry.free.fr/dico-meca/2019-03-20_143149raboteuse.png,,,
Filetage,Thread,Élements de fixation,,Rainure hélicoïdale exécutée sur un cylindre. C’est la forme qui a été réalisée sur une vis. ,,http://simonbaudry.free.fr/dico-meca/2017-08-29_151313filletage.png,,,
Taraudage,Threading,Fonction mécanique,,Rainure hélicoïdale exécutée dans un alésage ou un perçage. C’est la forme qui a été réalisée dans un écrou. ,,http://simonbaudry.free.fr/dico-meca/2017-08-29_154941taraudage.png,http://simonbaudry.free.fr/dico-meca/2017-08-29_155357-trou%20taraude.png,,
Sauterelle (de bridage),Toggle clamp,Ensemble de pièces mécaniques,,"Mécanisme destiné à fixer rapidement une pièce sur un châssis, notamment dans le domaine de l'usinage sur machine-outil. Le bridage ou clampage de la pièce est assuré par la friction sur le patin de contact.",,http://simonbaudry.free.fr/dico-meca/sauterelles-toggle-clamps.png,http://simonbaudry.free.fr/dico-meca/sauterelle-de-bridage-toggle-clamp.png,,
Gouge,"Tubular chisel, gouge",Outil - instrument - machine,,"Ciseau en demi-tube, servant à creuser, généralement le bois","chisel with a concave blade, used in carpentry, sculpture, and surgery.",http://simonbaudry.free.fr/dico-meca/gouge2.jpg,http://simonbaudry.free.fr/dico-meca/gouge1.jpg,,
"Dégagement, sortie d'outil",Undercut,Design mécanique,,"Evidement généralement destiné à éviter le contact de deux pièces suivant une ligne, ou assurer le passage d’une pièce. ",,http://simonbaudry.free.fr/dico-meca/2017-08-28_160457sortied'outil-degagement.png,http://simonbaudry.free.fr/dico-meca/2017-08-28_155438evidement-degagement.png,,
"Liaison rotule à doigt, sphérique à doigt",Universal joint,Cinématique,,,,http://simonbaudry.free.fr/dico-meca/2017-09-12_180556rotule-doigt.png,,,http://dictionnaire.sensagent.leparisien.fr/Liaison_(m%C3%A9canique)/fr-fr/#Mod.C3.A9lisation_anglo-saxonne
Joint de Cardan,"Universal joint, U-joint, Cardan joint, Spicer or Hardy Spicer joint, or Hooke's joint",Transmission de puissance,,Dispositif mécanique qui permet la transmission d'une rotation angulaire entre deux arbres dont les axes géométriques concourent en un même point. C'est une manière de réaliser une liaison rotule à doigt.,"Joint or coupling connecting rigid rods whose axes are inclined to each other, and is commonly used in shafts that transmit rotary motion. It consists of a pair of hinges located close together, oriented at 90° to each other, connected by a cross shaft. The universal joint is not a constant-velocity joint.",http://simonbaudry.free.fr/dico-meca/cardan.gif,,,http://dictionnaire.sensagent.leparisien.fr/Liaison_(m%C3%A9canique)/fr-fr/#Mod.C3.A9lisation_anglo-saxonne
Extrados,Upper surface,Design mécanique,,,,http://simonbaudry.free.fr/dico-meca/2017-08-29_141133extrados-intrados.png,,,
"Point, vertice, sommet",Vertex,Géométrie,,,,http://simonbaudry.free.fr/dico-meca/2017-08-29_153028face-edge-vertex.png,,,
Etau,"Vise, vice",Outil - instrument - machine,,"Dispositif mécanique qui permet la « mise en position » et le « maintien en position » (serrage) d'une pièce de bois ou de métal, pour travailler dessus.","Mechanical apparatus used to secure an object to allow work to be performed on it. Vises have two parallel jaws, one fixed and the other movable, threaded in and out by a screw and lever.",http://simonbaudry.free.fr/dico-meca/2019-02-23_etau.png,,,
Cheville,"Wall plug, anchor",Composant mécanique,,"Système d'assemblage sous forme d'un petit cylindre plastique ou métal destiné à être inserré dans un mur, puis à y accueillir une vis de fixation. Différents types et matériaux pour différents types et matériaux de murs. ",Plastic insert used to enable the attachment of a screw in material that is porous or brittle or that would otherwise not support the weight of the object attached with the screw.,http://simonbaudry.free.fr/dico-meca/2018-03-28_090839-cheville1.png,,,
Gauchissement,"Warping, collapse",Défaut,,,,http://simonbaudry.free.fr/dico-meca/2017-08-29_153734retassure-gauchissement.png,,,
Rondelle,Washer,Eléments tournants,,,,http://simonbaudry.free.fr/dico-meca/2017-08-29_154107rondelles.png,,,
Roue d'engrenage,Wheel gear,Transmission de puissance,,,,http://simonbaudry.free.fr/dico-meca/2017-08-29_152928pignon-roue-entraxe.png,,,
Toupie,Wood shaper (US) Spindle moulder (UK),"Outil - instrument - machine, Travail du bois",,Machine-outil d'usinage du bois. Elle sert à profiler des sections de bois. On peut appeler ces profils des moulures.,"Stationary woodworking machine in which a vertically oriented spindle drives cutter heads to mill profiles on wood stock. The spindle may be raised and lowered relative to the shaper's table, and rotates between 3,000 and 10,000 rpm, with stock running along a vertical fence.",http://simonbaudry.free.fr/dico-meca/2019-03-20_144448toupie.png,,,
Mèche à bois,Wood spade,"Outil - instrument - machine, Travail du bois",,,,,,,
"Tourillon, goujon, cheville",Wooden wall plug,Composant mécanique,,"En menuiserie, petit cylindre ou petite tige de bois assurant la liaison et en complément d'assemblage de deux éléments de bois.",Wooden insert used to enable the attachment of two parts of wood.,http://simonbaudry.free.fr/dico-meca/cheville-bois.jpg,,,
Roue et vis sans fin,Worm drive,"Ensemble de pièces mécaniques, Transmission de puissance",,"Cylindre comportant une cannelure hélicoïdale (parfois plusieurs), la faisant ressembler à une tige filetée. Associée à un pignon, elle constitue un engrenage gauche (les deux axes ne sont pas dans le même plan), dans lequel elle se comporte comme une roue à une dent (ou plus, selon le nombre de cannelures). On appelle aussi parfois ce système roue et vis sans fin.",Gear arrangement in which a worm (which is a gear in the form of a screw) meshes with a worm gear (which is similar in appearance to a spur gear).,http://simonbaudry.free.fr/dico-meca/Worm_final_drive.jpg,http://simonbaudry.free.fr/dico-meca/Vis100f1.png,,
Clé,Wrench,Outil - instrument - machine,,,,,,,
"Collet, douille de serrage, bague de serrage",,Composant mécanique,,,"Subtype of chuck that forms a collar around an object to be held and exerts a strong clamping force on the object when it is tightened, usually by means of a tapered outer collar. It may be used to hold a workpiece or a tool.",http://simonbaudry.free.fr/dico-meca/2019-02-23_collet.png,http://simonbaudry.free.fr/dico-meca/2019-02-23_chuck-collet-tool.png,,
"Goupille (fendue, bêta, conique, cannelée, taraudée, élastique)",,Composant mécanique,,Cylindre métallique ou tige pliée en deux destinés à être sollicités en cisaillement pour des efforts relativement faibles. https://fr.wikipedia.org/wiki/Goupille,,http://simonbaudry.free.fr/dico-meca/2018-03-28_095703-goupilles.png,,,
About,,"Géométrie, Travail du bois",,Charpenterie : extrémité façonnée d’une pièce de bois. Menuiserie : partie perpendiculaire au sens du fil du bois. Extrémité d'une pièce taillée pour être assemblée à une autre.,,,,,https://fr.wikipedia.org/wiki/Bois_massif_about%C3%A9
Bois abouté,,Travail du bois,,"Bois d'ingénierie fabriqué à partir de courtes pièces de bois sec dont les extrémités sont emboîtées et collées les unes aux autres à l'aide d'un adhésif hydrofuge, afin de former une pièce de bois unique et plus longue.",,,,,https://fr.wikipedia.org/wiki/Bois_massif_about%C3%A9
Enture,,Travail du bois,,Désigne toute combinaison d'assemblage en bout dans le travail du bois ou du métal,,,,,https://fr.wikipedia.org/wiki/Bois_massif_about%C3%A9 https://fr.wikipedia.org/wiki/Enture
Gousset,,"Composant mécanique, Elément de fixation, Travail du bois",,"Pièce de charpente, jambage ou plaque en bois, en fer, posé obliquement (angle d’environ 45°) reliant par assemblage un poteau vertical et une poutre horizontale tout en maintenant l’écartement et en donnant de la rigidité à cet ensemble.",,,,,https://fr.wikipedia.org/wiki/Gousset_(architecture) https://notech.franceserv.com/goussets.html
Assemblage en bois,,Travail du bois,,,,,,,https://notech.franceserv.com/bois-assemblages.html
Bois de fil,,Travail du bois,,,,,,,
Bois debout,,Travail du bois,,,,,,,